{"cameraMode":{"drawMode":0,"name":"Shaded","section":"Shading Mode"},"sceneLighting":true,"audioPlay":false,"sceneViewState":{"showFog":true,"showMaterialUpdate":false,"showSkybox":true,"showFlares":true,"showImageEffects":true,"showParticleSystems":true},"in2DMode":false,"pivot":{"x":30.64012336730957,"y":222.71144104003907,"z":-0.03258943557739258},"rotation":{"x":-0.046422816812992099,"y":-0.05092272534966469,"z":-0.002369611756876111,"w":0.9976205229759216},"size":428.7932434082031,"orthographic":false}